region_pattern,country_pattern,division_pattern,location_pattern,out_region,out_country,out_division,out_location,comment
,,Unknown|unknown,,,,-1,,Unset unknown divisions
,CotedIvoire,,,,Côte D'Ivoire,,,
,Democratic Republic of the Congo,,,,DRC,,,Abbreviate name to save space
,DRC,Kongo Central,,,,Kongo-Central,,Fix typos
,Marocco,,,,Morocco,,,Fix typos
,Morocco,,,Africa,,,,Move to Africa
,Morocco,,Cadiz_h,Europe,Spain,Andalusia,Cadiz,"Move Cadiz to Andalusia, Spain"
,Nigeria,Ekiti,,,,Ekiti State,,Fix typos
,Nigeria,Ondo,,,,Ondo State,,
,Nigeria,Oyo,,,,Oyo State,,
,Nigeria,Osun,,,,Osun State,,
,Senegal,St Louis|St Louis (RTL),,,,St-Louis,,Fix typos
,Senegal,Dakarhuman,,,,Dakar,,
,Republic of Congo,,,,Republic of the Congo,,,
,South Africa,EC,,,,Eastern Cape,,Unabbreviate province names
,South Africa,KZN,,,,KwaZulu-Natal,,
,South Africa,GP,,,,Gauteng,,
,South Africa,LP|LM,,,,Limpopo,,
,South Africa,MP,,,,Mpumalanga,,
,South Africa,NW,,,,North West,,
,South Africa,FS,,,,Free State,,
,South Africa,WC|Western Cape Province,,,,Western Cape,,
,South Africa,KwaZulu-Natal,Harry gwala,,,,Harry Gwala,Fix typos
,South Africa,KwaZulu-Natal,ilembe,,,,Ilembe,
,South Africa,KwaZulu-Natal,ugu,,,,Ugu,
,South Africa,KwaZulu-Natal,Uthukela,,,,uThukela,
,South Africa,KwaZulu-Natal,Uthungulu,,,,uThungulu,
,South Africa,KwaZulu-Natal,Umzinyathi,,,,uMzinyathi,
,South Africa,KwaZulu-Natal,Umkhanyakude,,,,uMkhanyakude,
,South Africa,KwaZulu-Natal,Umgungundlovu|umgungundlovu,,,,uMgungundlovu,
Asian,,,,Asia,,,,Fix typos
,Bangladesh,Ragshahi,,,,Rajshahi,,
,China,NanChang,,,,Jiangxi,Nanchang,Move cities to provinces
,China,Guangzhou,,,,Guangdong,Guangzhou,
,China,Meizhou,,,,Guangdong,Meizhou,
,China,Hangzhou,,,,Zhejiang,Hangzhou,
,China,Wuhan,,,,Hubei,Wuhan,
,China,Keqiao,,,,Zhejiang,Keqiao,
,China,Shangyu,,,,Zhejiang,Shangyu,
,China,Yuecheng,,,,Zhejiang,Yuecheng,
,China,Harbin,,,,Heilongjiang,Harbin,
,China,Shenzhen,,,,Guangdong,Shenzhen,
,China,Weifang,,,,Shandong,Weifang,
,China,Chongqinq,,,,Chongqing,,Fix Typos
,China,HuaShang,,,,Guangdong,,"Move HuaShang into Guangdong (province of submitting lab), can't find a location for this. The sequences are super short so these won't get displayed anyways"
,India,West_Bengal,,,,West Bengal,,Fix typos
,India,Telengana,,,,Telangana,,
,India,Rajsathan,,,,Rajasthan,,
,India,Jammu,,,,Jammu and Kashmir,Jammu,Move cities to provinces
,India,Kargil,,,,Ladakh,Kargil,
,India,Mumbai,,,,Maharashtra,Mumbai,
,India,MP,,,,Madhya Pradesh,,MP -> Madhya Pradesh
,India,Uttar_Pradesh,,,,Uttar Pradesh,,Fix typos
,India,Gujarat,Daskoi,,,,Daskroi,
,India,Karnataka,Bengaluru_Urban,,,,Bengaluru Urban,
,India,Telangana,Mahboobnagar,,,,Mahbubnagar,
,India,Telangana,Rangaraddy,,,,Rangareddy,
,India,Uttar Pradesh,LAKHIMPUR,,,,Lakhimpur,
,India,Uttarakhand,Pauri_Garhwal,,,,Pauri Garhwal,
,India,Uttarakhand,Tehri_Garhwal,,,,Tehri Garhwal,
,India,West Bengal,Hoogly,,,,Hooghly,
,ISRAEL,,,,Israel,,,Fix typos
,Israel,South Coast District|Southern District,,,,South District,,District names
,Israel,Central District|Central region,,,,Center District,,
,Israel,Northern District,,,,North District,,
,Israel,Tel Aviv,,,,Tel Aviv District,,
,Israel,ELAD|Elad,,,,Center District,El'ad,Move cities into districts
,Israel,Beerot-Itzhak,,,,Center District,Be'erot Yitzhak,
,Israel,GANI TIKVA|Gani Tikva,,,,Center District,Ganei Tikva,
,Israel,GEDERA|Gedera,,,,Center District,Gedera,
,Israel,KFAR-HABAD|Kfar-Habad,,,,Center District,Kfar Chabad,
,Israel,Lod,,,,Center District,Lod,
,Israel,Nir-Tzvi,,,,Center District,Nir-Tzvi,
,Israel,NETANYA|Netanya,,,,Center District,Netanya,
,Israel,Modiin,,,,Center District,Modi'in,
,Israel,PARDESIA|Pardesia,,,,Center District,Pardesia,
,Israel,PETAH-TIKVA|Petah-Tikva|Petach-Tikva,,,,Center District,Petah Tikva,
,Israel,RAANANA|Raanana,,,,Center District,Ra'anana,
,Israel,RAMLA|Ramla,,,,Center District,Ramla,
,Israel,Rishon-Letsion,,,,Center District,Rishon LeZion,
,Israel,Rishpon,,,,Center District,Rishpon,
,Israel,SHOAM|Shoam|Shoham,,,,Center District,Shoham,
,Israel,YAVNE|Yavne,,,,Center District,Yavne,
,Israel,YEHUD|Yehud,,,,Center District,Yehud,
,Israel,Kefar Sava|Kfar Saba,,,,Center District,Kfar Saba,
,Israel,HAIFA|Haifa,,,,Haifa District,Haifa,
,Israel,Ceasaria,,,,Haifa District,Caesarea,
,Israel,BEIT SHEMESH|Beit Shemesh,,,,Jerusalem District,Beit Shemesh,
,Israel,JERUSALEM|Jerusalem,,,,Jerusalem District,Jerusalem,
,Israel,ELKANA|Elkana,,,,Judea and Samaria Area,Elkana,
,Israel,Maale-Edumim,,,,Judea and Samaria Area,Ma'ale Adumim,
,Israel,Tkoa,,,,Judea and Samaria Area,Tekoa,
,Israel,HUKUK|Hukuk,,,,North District,Hukok,
,Israel,MAALOT-TARSHICHA|Maalot-Tarshicha,,,,North District,Ma'alot-Tarshiha,
,Israel,TIRAT ZVI|Tirat Zvi,,,,North District,Tirat Zvi,
,Israel,TVERIA|Tveria,,,,North District,Tiberias,
,Israel,ZEFAT|Tzfat|Zefat|Safed,,,,North District,Safed,
,Israel,Yuvalim,,,,North District,Yuvalim,
,Israel,ASHDOD|Ashdod,,,,South District,Ashdod,
,Israel,Beer-Sheva,,,,South District,Beer-Sheva,
,Israel,KIRYAT-GAT|Kiryat-Gat,,,,South District,Kiryat Gat,
,Israel,NETIVOT|Netivot,,,,South District,Netivot,
,Israel,Orot,,,,South District,Orot,
,Israel,Yeruham,,,,South District,Yeruham,
,Israel,BAT-YAM|Bat-Yam,,,,Tel Aviv District,Bat Yam,
,Israel,BENI-BRAK|Beni-Brak,,,,Tel Aviv District,Bnei Brak,
,Israel,HOLON|Holon,,,,Tel Aviv District,Holon,
,Israel,KIRYAT ONO|Kiryat Ono,,,,Tel Aviv District,Kiryat Ono,
,Israel,Or-Yehuda,,,,Tel Aviv District,Or Yehuda,
,Israel,RAMAT-GAN|Ramat Gan|Ramat-Gan,,,,Tel Aviv District,Ramat Gan,
,Israel,Ramat-Hasharon,,,,Tel Aviv District,Ramat HaSharon,
,Israel,TEL-AVIV|Tel-Aviv,,,,Tel Aviv District,Tel Aviv,
,Oman,Muscta|Musca,,,,Muscat,,Fix typos
,Oman,Buraymi,,,,Buraimi,,
,Pakistan,KPK,,,,Khyber Pakhtunkhwa,,Unabbreviate province names
,Korea|South korea,,,,South Korea,,,Korea --> South Korea. I assume North Korea is not submitting genomes...
,Sri Lanka,KK,,,,Kahanda Kanda,,Unabbreviate
,Taiwan,New Taipei city,,,,New Taipei City,,Fix typos
,Thailand,Phatum thani,,,,Pathum Thani,,Fix typos
,Vietnam,Quangning,,,,Quangninh,,Fix typos
,Vietnam,Thanh Hoa,,,,Thanhhoa,,
,Belgium,Antwerp|Antwerpen|Anvers|Berchem|Berendrech-Zandvliet-Lillo|Borgerhout|Deurne|Ekeren|Hoboken|Merksem|Wilrijk,,,,Antwerp,Antwerp,Move Belgian cities into provinces. Since it is getting out of hand. the list is too big. And merge towns into parent municipalities
,Belgium,Balen,,,,Antwerp,Balen,
,Belgium,Beerse|Vlimmeren,,,,Antwerp,Beerse,
,Belgium,Bonheiden,,,,Antwerp,Bonheiden,
,Belgium,Bornem|Hingene|Wintam|Mariekerke|Weert,,,,Antwerp,Bornem,
,Belgium,Brasschaat,,,,Antwerp,Brasschaat,
,Belgium,Edegem,,,,Antwerp,Edegem,
,Belgium,Grobbendonk|Bouwel,,,,Antwerp,Grobbendonk,
,Belgium,Hemisem|Hemiksem,,,,Antwerp,Hemiksem,
,Belgium,Herselt|Ramsel,,,,Antwerp,Herselt,
,Belgium,Laakdal|Laakdaal|Veerle|Eindhout|Vorst|Varendonk|Vorst-Meerlaar|Klein-Vorst,,,,Antwerp,Laakdal,
,Belgium,Lille|Gierle,,,,Antwerp,Lille,
,Belgium,Kalmthout,,,,Antwerp,Kalmthout,
,Belgium,Kasterlee,,,,Antwerp,Kasterlee,
,Belgium,Malle|Oostmalle|Westmalle,,,,Antwerp,Malle,
,Belgium,Nijlen|Bevel|Kessel,,,,Antwerp,Nijlen,
,Belgium,Mol,,,,Antwerp,Mol,
,Belgium,Olen|Olen-Centrum|Saint-Martins|Boekel|Onze-Lieve-Vrouw-Olen|Achter-Olen|St.-Jozef-Olen|Olen-Fabriek,,,,Antwerp,Olen,
,Belgium,Oud-Turnhout,,,,Antwerp,Oud-Turnhout,
,Belgium,Puurs|Breendonk|Liezele|Kalfort|Ruisbroek,,,,Antwerp,Puurs,
,Belgium,Ravels|Poppel|Weelde,,,,Antwerp,Ravels,
,Belgium,Ranst|Broechem|Emblem|Oelegem,,,,Antwerp,Ranst,
,Belgium,Retie|Rethy|Schoonbroek,,,,Antwerp,Retie,
,Belgium,Rijkevorsel|Achtel|Sint-Jozef-Rijkevorsel|Gammel,,,,Antwerp,Rijkevorsel,
,Belgium,Schoten,,,,Antwerp,Schoten,
,Belgium,Sint-Amands|Lippelo|Oppuurs,,,,Antwerp,Sint-Amands,
,Belgium,Turnhout,,,,Antwerp,Turnhout,
,Belgium,Vorselaar,,,,Antwerp,Vorselaar,
,Belgium,Oevel,,,,Antwerp,Westerlo,
,Belgium,Wijnegem,,,,Antwerp,Wijnegem,
,Belgium,Willebroek|Blaasveld|Heindonk|Tisselt|Klein Willebroek,,,,Antwerp,Willebroek,
,Belgium,Zoersel|Halle|St. Antonius,,,,Antwerp,Zoersel,
,Belgium,Flandre-Orientale,,,,East Flanders,,
,Belgium,Aalter|Lotenhulle,,,,East Flanders,Aalter,
,Belgium,Beveren|Doel|Haasdonk|Kallo|Kieldrecht|Melsele|Verrebroek|Vrasene|Beveren-Waas,,,,East Flanders,Beveren,
,Belgium,Buggenhout|Briel|Opdorp|Opstal,,,,East Flanders,Buggenhout,
,Belgium,Deinze,,,,East Flanders,Deinze,
,Belgium,Dendermonde,,,,East Flanders,Dendermonde,
,Belgium,Asper|Gavere,,,,East Flanders,Gavere,
,Belgium,Gent|Ghent|Afsnee|Desteldonk|Drongen|Gentbrugge|Ledeberg|Mariakerke|Mendonk|Oostakker|Sint-Amandsberg|Sint-Denijs-Westrem|Sint-Kruis-Winkel|Wondelgem|Zwijnaarde,,,,East Flanders,Ghent,
,Belgium,Geraardsbergen,,,,East Flanders,Geraardsbergen,
,Belgium,Hamme|Kastel-Moerzeke|St-Anna|Zogge,,,,East Flanders,Hamme,
,Belgium,Kruibeke|Bazel|Rupelmonde,,,,East Flanders,Kruibeke,
,Belgium,Laarne|Kalken,,,,East Flanders,Laarne,
,Belgium,Lievegem|Waarschoot|Lovendegem|Zomergem,,,,East Flanders,Lievegem,
,Belgium,Madegem,,,,East Flanders,Madegem,
,Belgium,Merelbeke|Bottelare|Lemberge|Melsen|Munte|Schelderode,,,,East Flanders,Merelbeke,
,Belgium,Nevele,,,,East Flanders,Nevele,
,Belgium,Oudenaarde|Bevere|Edelare|Eine|Ename|Herune|Leupegem|Mater|Melden|Mullem|Nederename|Volkegem|Welden|Ooike,,,,East Flanders,Oudenaarde,
,Belgium,Ronse,,,,East Flanders,Ronse,
,Belgium,Sint-Gillis-Waas,,,,East Flanders,Sint-Gillis-Waas,
,Belgium,Sint-Niklaas,,,,East Flanders,Sint-Niklaas,
,Belgium,Stekene,,,,East Flanders,Stekene,
,Belgium,Temse,,,,East Flanders,Temse,
,Belgium,Waasmunster,,,,East Flanders,Waasmunster,
,Belgium,Aarschot,,,,Flemish Brabant,Aarschot,
,Belgium,Asse,,,,Flemish Brabant,Asse,
,Belgium,Beersel,,,,Flemish Brabant,Beersel,
,Belgium,Bierbeek,,,,Flemish Brabant,Bierbeek,
,Belgium,Boutersem,,,,Flemish Brabant,Boutersem,
,Belgium,Diest|Kaggevinne|Molenstede,,,,Flemish Brabant,Diest,
,Belgium,Dilbeek,,,,Flemish Brabant,Dilbeek,
,Belgium,Geetbets,,,,Flemish Brabant,Geetbets,
,Belgium,Grimbergen,,,,Flemish Brabant,Grimbergen,
,Belgium,Haacht|Wespelaar,,,,Flemish Brabant,Haacht,
,Belgium,Winksele|Veltem-beisem|Veltem-Beisem,,,,Flemish Brabant,Herent,
,Belgium,Hoegaarden,,,,Flemish Brabant,Hoegaarden,
,Belgium,Holsbeek,,,,Flemish Brabant,Holsbeek,
,Belgium,Huldenberg,,,,Flemish Brabant,Huldenberg,
,Belgium,Kampenhout|Berg|Buken|Nederokkerzeel,,,,Flemish Brabant,Kampenhout,
,Belgium,Kortenaken|Hoeleden|Kersbeek-Miskom|Kersbeek-miskom|Ransberg|Waanrode,,,,Flemish Brabant,Kortenaken,
,Belgium,Kortenberg|Erps-Kwerps|Everberg|Meerbeek,,,,Flemish Brabant,Kortenberg,
,Belgium,Kraainem,,,,Flemish Brabant,Kraainem,
,Belgium,Landen|Attenhoven|Eliksem|Ezemaal|Laar|Neerlanden|Neerwinden|Overwinden|Rumsdorp|Waasmont|Walsbets|Walshoutem|Wange|Wezeren,,,,Flemish Brabant,Landen,
,Belgium,Leuven|Heverlee|Kessel-Lo|Ladeuze|Wilsele,,,,Flemish Brabant,Leuven,
,Belgium,Linter,,,,Flemish Brabant,Linter,
,Belgium,Lubbeek,,,,Flemish Brabant,Lubbeek,
,Belgium,Oud-Heverlee|Blanden|Haasrode|Sint-Joris-Weert|Vaalbeek,,,,Flemish Brabant,Oud-Heverlee,
,Belgium,Overijse,,,,Flemish Brabant,Overijse,
,Belgium,Machelen,,,,Flemish Brabant,Machelen,
,Belgium,Scherpenheuvel-Zichem|Scherpenheuvel-Zchem|Averbode|Messelbroek|Okselaar|Scherpenheuvel|Schoonderbuken|Keiberg|Testelt|Zichem,,,,Flemish Brabant,Scherpenheuvel-Zichem,
,Belgium,Sint-Genesius-Rode,,,,Flemish Brabant,Sint-Genesius-Rode,
,Belgium,Steenokkerzeel|Humelgem|Wambeek|Perk|Huinhoven|Boekt|Melsbroek,,,,Flemish Brabant,Steenokkerzeel,
,Belgium,Tervuren|Duisberg|Vossem|Moorsel,,,,Flemish Brabant,Tervuren,
,Belgium,Tielt-Winge,,,,Flemish Brabant,Tielt-Winge,
,Belgium,Tienen,,,,Flemish Brabant,Tienen,
,Belgium,Vilvoorde,,,,Flemish Brabant,Vilvoorde,
,Belgium,Wezembeek-Oppem,,,,Flemish Brabant,Wezembeek-Oppem,
,Belgium,Zaventem|Sterrebeek|Nossegem|Sint-Stevens-Woluwe,,,,Flemish Brabant,Zaventem,
,Belgium,Zoutleeuw,,,,Flemish Brabant,Zoutleeuw,
,Belgium,Alken,,,,Limburg,Alken,
,Belgium,Beringen|Koersel|Paal,,,,Limburg,Beringen,
,Belgium,Bilzen|Beverst|Eigenbilzen|Grote-Spouwen|Hees|Hoelbeek|Kleine-Spouwen|Martenslinde|Mopertinen|Munsterbilzen|Rijkhoven|Rosmeer|Waltwilder,,,,Limburg,Bilzen,
,Belgium,Bocholt|Kaulillecity|Reppel|Lozen|Kaulile,,,,Limburg,Bocholt,
,Belgium,Bree,,,,Limburg,Bree,
,Belgium,Genk,,,,Limburg,Genk,
,Belgium,Halen|Loksbergen|Zelem,,,,Limburg,Halen,
,Belgium,Hasselt|Sint-Lambrechts-Herk|Wimmertingen|Kermt|Spalbeek|Kuringen|Stokrooie|Stevoort|Runkst|Kiewit|Godsheide|Rapertingen,,,,Limburg,Hasselt,
,Belgium,Houthalen-Helchteren,,,,Limburg,Houthalen-Helchteren,
,Belgium,Lanaken,,,,Limburg,Lanaken,
,Belgium,Leopoldsburg|Heppen|Beverloo,,,,Limburg,Leopoldsburg,
,Belgium,Lommel,,,,Limburg,Lommel,
,Belgium,Lummen,,,,Limburg,Lummen,
,Belgium,Maaseik|Neeroeteren|Opoeteren|Aldeneik|Heppeneert|Wurfeld|'t Ven|Gremeslo|Berg|Schootsheide|Voorshoven|Waterloos|De Riet|Dorne,,,,Limburg,Maaseik,
,Belgium,Maasmechelen|Mechelen-aan-de-Maas|Vucht|Leut|Meeswijk|Uikhoven|Eisden|Opgrimbie|Boorsem|Kotem,,,,Limburg,Maasmechelen,
,Belgium,Neerpelt|Overpelt,,,,Limburg,Pelt,
,Belgium,Nieuwerkerken,,,,Limburg,Nieuwerkerken,
,Belgium,Peer|Grote-Brogel|Kleine-Brogel|Wauberg|Erpekom|Wijchmaal,,,,Limburg,Peer,
,Belgium,Riemst,,,,Limburg,Riemst,
,Belgium,Sint-Truiden,,,,Limburg,Sint-Truiden,
,Belgium,Tessenderlo,,,,Limburg,Tessenderlo,
,Belgium,Heusden-Zolder|Zolder,,,,Limburg,Heusden-Zolder,
,Belgium,Zonhoven,,,,Limburg,Zonhoven,
,Belgium,Avelgem,,,,West Flanders,Avelgem,
,Belgium,Anzegem,,,,West Flanders,Anzegem,
,Belgium,Blankenberge|Uitkerke,,,,West Flanders,Blankenberge,
,Belgium,Bruges|Brugge|Assebroek|Koolkerke|Sint-Andries|Sint-Michiels|Sint-Kruis|Dudzele|Lissewege|Sint-Jozef|Sint-Pieters,,,,West Flanders,Bruges,
,Belgium,Deerlijk,,,,West Flanders,Deerlijk,
,Belgium,Diksmuide|Beerst|Esen|Kaaskerke|Keiem|Lampernisse|Leke|Nieuwkapelle|Oostkerke|Oudakapelle|Pervijze|Sint-Jacobs-Kapelle|Stuivekenskerke|Vladslo|Woumen,,,,West Flanders,Diksmuide,
,Belgium,Harelbeke|Bavikhove|Hulste,,,,West Flanders,Harelbeke,
,Belgium,Knokke-Heist,,,,West Flanders,Knokke-Heist,
,Belgium,Kuurne,,,,West Flanders,Kuurne,
,Belgium,Lo-Reninge|Lo|Noordschote|Pollinkhove|Reninge,,,,West Flanders,Lo-Reninge,
,Belgium,Oostrozebeke,,,,West Flanders,Oostrozebeke,
,Belgium,Ostend|Oostende|Raversijde|Stene|Zandvoorde,,,,West Flanders,Ostend,
,Belgium,Oudenburg|Ettelgem|Roksem|Westkerke,,,,West Flanders,Oudenburg,
,Belgium,Poperinge|Krombeke|Proven|Reningelst|Roesbrugge-Haringe|Roesbrugge|Haringe|Watou|Sint-Jan-Ter-Biezen|Abele,,,,West Flanders,Poperinge,
,Belgium,Torhout|Wijnendale|Sint-Henricus|De Driekoningen,,,,West Flanders,Torhout,
,Belgium,Wervik|Geluwe,,,,West Flanders,Wervik,
,Belgium,Wevelgem,,,,West Flanders,Wevelgem,
,Belgium,Wingene|Zwevezele,,,,West Flanders,Wingene,
,Belgium,Ypres|Ieper|Boezinge|Brielen|Dikkebus|Elverdinge|Hollebekke|Sint-Jan-Vlamertinge|Vlamertinge|Voormezele|Zillebeke|Zuidschote,,,,West Flanders,Ypres,
,Belgium,Aiseau|Presles,,,,Hainaut,Aiseau-Presles,
,Belgium,Ath|Arbre,,,,Hainaut,Ath,
,Belgium,Bassilly,,,,Hainaut,Silly,
,Belgium,Quevaucamps|Wadelincourt|Basecles|Ramegnies|Thumaide|Aubechies|Ellignies-Sainte-Anne,,,,Hainaut,Belœil,
,Belgium,Bernissart|Blaton|Harchies|Pommeroeul|Poomerœul,,,,Hainaut,Bernissart,
,Belgium,Binche|Bray|Buvrinnes|Epinois|Leval-Trahegnies|Peronnes-lez-Binche|Ressaix|Waudrez,,,,Hainaut,Binche,
,Belgium,Boussu,,,,Hainaut,Boussu,
,Belgium,Brugelette|Cambron-Casteau|Attre|Mevergnies-lez-Lens|Gages,,,,Hainaut,Brugelette,
,Belgium,Braine-Le-Comte|Hennuyères|Henripont|Petit-Roeulx-lez-Braine|Ronquières|Steenkerque|Steenkerke,,,,Hainaut,Braine-Le-Comte,
,Belgium,Brunehaut|Bléharies|Guignies|Hollain|Jollain-Merlin|Wez-Velvain|Lesdain|Laplaigne|Rongy|Howardries,,,,Hainaut,Brunehaut,
,Belgium,Péruwelz|Bon-Secours|Roucourt|Braffe|Bury|Baugnies|Wasmes-Audemez-Briffoeil|Brasménil|Wiers,,,,Hainaut,Péruwelz,
,Belgium,Charleroi|Dampremy|Lodenlinsart|Gilly|Montignies-Sur-Sambre|Montignies-sur-sambre|Couillet|Marcinelle|Mont-sur-Marchienne|Marchienne-au-Pont|Monceau-sur-Sambre|Monceau-sur-sambre|Goutroux|Roux|Jumet|Gosselies|Ransart,,,,Hainaut,Charleroi,
,Belgium,Chatelet|Châtelet|Bouffioulx|Chatelineau,,,,Hainaut,Châtelet,
,Belgium,Colfontaine|Confontaine,,,,Hainaut,Colfontaine,
,Belgium,Cuesmes,,,,Hainaut,Cuesmes,
,Belgium,Dour,,,,Hainaut,Dour,
,Belgium,Ecaussinnes|Écaussinees|Écaussinees-d'Enghien|Marche-lez-Écaussinnes|Écaussinees-Lalaing,,,,Hainaut,Écaussinees,
,Belgium,Edingen,,,,Hainaut,Edingen,
,Belgium,Ellezelles,,,,Hainaut,Ellezelles,
,Belgium,Flobecq|Vloesberg,,,,Hainaut,Flobecq,
,Belgium,Fontaine-l Eveque|Forchies-la-marche,,,,Hainaut,Fontaine-l'Évêque,
,Belgium,Frameries,,,,Hainaut,Frameries,
,Belgium,Frasnes-lez-Anvaing|Arc|Ainières|Wattripont|Anvaing|Buissenal|Moustier|Oeudeghien|Ellignies|Dergneau|Saint-Sauveur|Hacquegnies|Herquegnies,,,,Hainaut,Frasnes-lez-Anvaing,
,Belgium,Haulchin,,,,Hainaut,Haulchin,
,Belgium,Hensies|Thulin,,,,Hainaut,Hensies,
,Belgium,Honnelles,,,,Hainaut,Honnelles,
,Belgium,Jurbise,,,,Hainaut,Jurbise,
,Belgium,Comines-Warneton|Komen|Comines|Comines-ten-Brielen|Houthem|Warneton|Waasten|Bas-Warneton|Neer-Waasten|Ploegsteert|Le Bizet,,,,Hainaut,Comines-Warneton,
,Belgium,Lens|Bauffe|Cambron-Saint-Vincent|Lombise|Montignies-lez-Lens,,,,Hainaut,Lens,
,Belgium,La Louvriere|La Louviere|La louvière|La Louvière|Haine-Saint-Paul|Haine-Saint-Pierre|Saint-Vaast|Trivieres|Boussoit|Houdeng-Aimeries|Houdeng-Gœgnies|Maurage|Strepy-Bracquegnies,,,,Hainaut,La Louvière,
,Belgium,Le roeulx,,,,Hainaut,Le Rœulx,
,Belgium,Les Bons Villers|Frasnes-lez-Gosselies|Mellet|Reves|Villers-Pierwin|Wayaux,,,,Hainaut,Les Bons Villers,
,Belgium,Lessines|Ghoy|Bois-de-Lessines|Lessenbos|Ogy|Oseke|Papignies|Papegem|Deux-Acren|Acren|Wannebecq|Wannabeek|Ollignies|Woelingen,,,,Hainaut,Lessines,
,Belgium,Merbes-le-Chateau|Merbes-le-Château|Fontaine-Valmont|Labuissiere|Merbes-Sainte-Marie,,,,Hainaut,Merbes-le-Château,
,Belgium,Mons|Mon|Courcelles|Havre|Jemappes|Trazegnies|Flénu|Ghlin|Shape,,,,Hainaut,Mons,
,Belgium,Montigny-le-Tilleul,,,,Hainaut,Montigny-le-Tilleul,
,Belgium,Morlanwelz,,,,Hainaut,Morlanwelz,
,Belgium,Mouscron|Dottignies|Dottenijs|Luingne|Lowingen|Herseaux|Herzeeuw,,,,Hainaut,Mouscron,
,Belgium,Pont-à-Celles|Buzet|Liberchies|Luttre|Obaix|Thimeon|Viesville,,,,Hainaut,Pont-à-Celles,
,Belgium,Quaregnon,,,,Hainaut,Quaregnon,
,Belgium,Quevy|Givry|Quévy,,,,Hainaut,Quevy,
,Belgium,Saint-Ghislain|Tertre|Villerot|Baudour|Neufmaison,,,,Hainaut,Saint-Ghislain,
,Belgium,Soignies|Casteau|Chaussee-Notre-Dame-Louvignies|Horrues|Neufvilles|Naast|Thieusies|Saisinne|Zinnik,,,,Hainaut,Soignies,
,Belgium,Seneffe,,,,Hainaut,Seneffe,
,Belgium,Tournai|Doornik|Ere|Saint-Maur|Orcq|Esplechin|Froyennes|Froidmont|Willemeau|Ramegnies-Chin|Templeuve|Chercq|Blandain|Hertain|Lamain|Marquain|Gaurain-Ramecroix|Havinnes|Beclers|Thimougnies|Barry|Maulde|Vaulx|Vezon|Kain|Melles|Quartes|Rumillies|Mont-Saint-Aubert|Mourcourt|Warchin,,,,Hainaut,Tournai,
,Belgium,Ans,,,,Liege,Ans,
,Belgium,Baelen|Membach,,,,Liege,Baelen,
,Belgium,Berloz,,,,Liege,Berloz,
,Belgium,Bierset,,,,Liege,Grâce-Hollogne,
,Belgium,Bullingen|Honsfeld|Hunningen|Murringen|Rocherath|Krinkelt|Wirtzfeld|Manderfeld|Afst|Allmuthen|Andlermuhle|Berterath|Buchholz|Eimerscheid|Hasenvenn|Hergersberg|Holzheim|Hullscheid|Igelmonder Hof|Igelmondermuhle|Kehr|Krewinkel|Lanzerath|Losheimergraben|Medendorf|Merlscheid|Weckerath,,,,Liege,Bullingen,
,Belgium,Burdinne|Hanneche|Lamontzee|Marneffe|Oteppe|Vissoul,,,,Liege,Burdinne,
,Belgium,Couthuin,,,,Liege,Heron,
,Belgium,Dalhem,,,,Liege,Dalhem,
,Belgium,Eupen,,,,Liege,Eupen,
,Belgium,Hannut|Abolens|Avernas-le-Bauduin|Avin|Bertrée|Blehen|Cras-Avernas|Crehen|Grand-Hallet|Les-Saint-Remy|Merdorp|Moxhe|Petit-Hallet|Poucet|Thisnes|Trognée|Truielingen|Villers-le-Peuplier|Wansin,,,,Liege,Hannut,
,Belgium,Henri-chapelle,,,,Liege,Welkenraedt,
,Belgium,Herstal,,,,Liege,Herstal,
,Belgium,Herve|Chaineux,,,,Liege,Herve,
,Belgium,Juprelle|Fexhe-Slins|Lantin|Paifve|Slins|Villers-Saint-Simeon|Voroux-lez-Liers|Voroux-les-Liers|Wihogne|Nudorp,,,,Liege,Juprelle,
,Belgium,Kelmis|La Calamine|Hergenrath|Neu-Moresnet|Vieille Montagne,,,,Liege,Kelmis,
,Belgium,Liege|Liège|Angleur|Bressoux|Chenee|Glain|Grivegnee|Jupille-sur-Meuse|Rocourt|Wandre,,,,Liege,Liège,
,Belgium,Limbourg,,,,Liege,Limbourg,
,Belgium,Remicourt|Momalle|Hodeige|Lamine|Pousset,,,,Liege,Remicourt,
,Belgium,Saive,,,,Liege,Blegny,
,Belgium,Seraing,,,,Liege,Seraing,
,Belgium,Soumagne,,,,Liege,Soumagne,
,Belgium,Sprimont|Dolembreux|Gomze-Andoumont|Rouvreux|Louveigne|Banneux|Damre|Florze|Lince|Ogne|Presseux|Rivage,,,,Liege,Sprimont,
,Belgium,Theux,,,,Liege,Theux,
,Belgium,Antheit|Wanze,,,,Liege,Wanze,
,Belgium,Yernee-fraineux,,,,Liege,Nandrin,
,Belgium,Andenne,,,,Namur,Andenne,
,Belgium,Ciney|Achene|Braibant|Chevetogne|Conneux|Leignon|Pessoux|Serinchamps|Sovet|Chapois,,,,Namur,Ciney,
,Belgium,Couvin,,,,Namur,Couvin,
,Belgium,Aisemont|Le Roux|Sart-Eustache|Sart-Saint-Laurent|Vitrival,,,,Namur,Fosses-la-Ville,
,Belgium,Gembloux|Beuzet|Bossiere|Bothey|Corroy-le-Chateau|Ernage|Grand-Leez|Grand-Manil|Isnes|Lonzee|Mazy|Sauveniere,,,,Namur,Gembloux,
,Belgium,Havelange,,,,Namur,Havelange,
,Belgium,Namur|Beez|Belgrade|Saint-Servais|Saint-Marc|Bouge|Champion|Daussoulx|Flawinne|Malonne|Suarlee|Temploux|Vedrin|Boninne|Cognelee|Gelbressee|Marche-les-Dames|Dave|Jambes|Naninne|Wepion|Wierde|Erpent|Lives-sur-Meuse|Loyers,,,,Namur,Namur,
,Belgium,Brabant Wallon,,,,Walloon Brabant,,
,Belgium,Braine-l alleud|Braine-l'alleud|Braine-L'Alleud|Ophain-Bois-Seigneur-Isaac|Lillois-Witterzée|Lillois-witterzée,,,,Walloon Brabant,Braine-l'Alleud,
,Belgium,Braine-le-Chateau,,,,Walloon Brabant,Braine-le-Château,
,Belgium,Genappe,,,,Walloon Brabant,Genappe,
,Belgium,Lasne,,,,Walloon Brabant,Lasne,
,Belgium,Rebecq|Bierghes|Bierk|Rebecq-Rognon|Roosbeek|Quenast|Kenast,,,,Walloon Brabant,Rebecq,
,Belgium,Rixensart|Rosieres|Rozieren|Genval,,,,Walloon Brabant,Rixensart,
,Belgium,Tubize,,,,Walloon Brabant,Tubize,
,Belgium,Waterloo,,,,Walloon Brabant,Waterloo,
,Belgium,Anderlecht,,,,Brussels-Capital Region,Anderlecht,
,Belgium,Brussel|Brussels|Laken|Bruxelles,,,,Brussels-Capital Region,Brussels,
,Belgium,Elsene|Ixelles,,,,Brussels-Capital Region,Ixelles,
,Belgium,Etterbeek,,,,Brussels-Capital Region,Etterbeek,
,Belgium,Vorst,,,,Brussels-Capital Region,Forest,
,Belgium,Ganshoren,,,,Brussels-Capital Region,Ganshoren,
,Belgium,Jette,,,,Brussels-Capital Region,Jette,
,Belgium,Oudergem,,,,Brussels-Capital Region,Auderghem,
,Belgium,Molenbeek-Saint-Jean|Sint-Jans-Molenbeek|Molenbeek,,,,Brussels-Capital Region,Molenbeek-Saint-Jean,
,Belgium,Sint-Agatha-Berchem,,,,Brussels-Capital Region,Sint-Agatha-Berchem,
,Belgium,Ukkel,,,,Brussels-Capital Region,Uccle,
,Belgium,Watermaal-Bosvoorde,,,,Brussels-Capital Region,Watermael-Boitsfort,
,Belgium,Sint-Pieter-Woluwe|Sint-Pieters-Woluwe|Sint-pieters-woluwe,,,,Brussels-Capital Region,Woluwe-Saint-Pierre,
,Belgium,Mepel,,,,-1,,Can't find a division for this location
,Bosnia and Hercegovina,,,,Bosnia and Herzegovina,,,Fix typos
,Croatia,Varazdin,,,,Varaždin County,,Fix typos
,Czech Republic|Czech Repubic,,,,Czechia,,,Rename from "Czech Republic" --> "Czechia"
,Czechia,Prague,,,,Central Czechia and Prague,,Move "Prague" --> "Central Czhechia and Prague"
,Czechia,Vysocina Region,,,,Vysocina,,Fix typos
,Czechia,Plzen,,,,Plzeň,,
,Czechia,Usti nad Labem Region,,,,Usti nad Labem,,
,Belgium,Saint-Saulve,,,France,Hauts-de-France,,"Move Saint-Saulve from Belgium to France"
,Belgium,Roucourt,,,France,Hauts-de-France,,"Move Roucourt from belgium to France"
,Belgium,Flines-Les-Morta,,,France,Hauts-de-France,Flines-lès-Mortagne,"Move Flines-les-Mortagne (Flines-les-Morta) from Belgium into France"
,Denmark,NA,,,Denmark,-1,,"Remove NA province"
,France,Bourgogne Franche comte|Bourgogne-France-Comté|Bourgogne-Franche Comte|Bourgogne-France-Comte|Bourgogne,,,France,Bourgogne-Franche-Comté,,"Fix typos"
,France,ARA|Auvergne-Rhone-Alpes,,,,Auvergne-Rhône-Alpes,,"Unabbreviate province names, unify province names"
,France,Centre - Val de Loire|Centre Val de Loire,,,,Centre-Val de Loire,,
,France,Grand-Est|Grand-est,,,,Grand Est,,
,France,Hauts De France|Hauts de France,,,,Hauts-de-France,,
,France,IDF|Ile De France|Ile de France|Ile-de-France,,,,Île-de-France,,
,France,Toulouse,,,France,Occitanie,Toulouse,"Move Toulouse to Occitanie"
,France,,Chateau-Thierry|Chateau-thierry,,,,Château-Thierry,"Fix typos"
,France,,Crépy-en -Valois|Crépy en Valois,,,,Crépy-en-Valois,
,France,,Asnieres sur Seine,,,,Asnières-sur-Seine,
,France,,Moussy le Neuf,,,,Moussy Le Neuf,
,France,,Gondrecourt-le-chateau,,,,Gondrecourt-le-Chateau,
,France,,Compiegne,,,,Compiègne,
,France,Paris,,,,Île-de-France,Paris,"Move Paris into Ile-de-France"
,France,MP,,,France,Midi-Pyrénées,,
,France,PACA|Provence-Alpes-Cote d'Azur|Provence-Alpes-Cote-d’Azur|Provence-Alpes-Côte d'Azur,,,France,Provence-Alpes-Côte-d’Azur,,
# ,France,NA,,,France,Nouvelle-Aquitaine,,
Europe,Georgia,,,Asia,,,,Move to Asia
,Germany,Munich,,,,Bavaria,Munich,Move Munich division into Bavaria division
,Germany,Duesseldorf,,,,North Rhine-Westphalia,Duesseldorf,Move cities to provinces
,Germany,Frankfurt,,,,Hesse,Frankfurt,
,Germany,Rostock,,,,Mecklenburg-Vorpommern,Rostock,
,Germany,Baden-Wuerttemberg,,,,Baden-Württemberg,,Fix typos
,Germany,North Rhine Westphalia,,,,North Rhine-Westphalia,,
,Germany,North Rhine-Westphalia,Duesseldorf area|Duesseldorf,,,,Düsseldorf,
,Germany,North Rhine-Westphalia,Heinsberg District,,,,Heinsberg,
,Hungary,Borsod-Abauj-Zemplen county|Borsod-Abauj-Zemplen County,,,,Borsod-Abaúj-Zemplén County,,Fix typos
,Italy,Lombarida|Lombardia,,,,Lombardy,,Fix typos
,Italy,Castel di Sangro,,,,Abruzzo,Castel di Sangro,Move cities to provinces
,Italy,Teramo,,,,Abruzzo,Teramo,
,Italy,Cagliari,,,,Sardinia,Cagliari,
,Italy,Milan,,,,Lombardy,Milan,
,Italy,Palermo,,,,Sicily,Palermo,
,Italy,Rome,,,,Lazio,Rome,
,Lithuania,Vilnius r.,,,,Vilnius,,
,Netherlands,Coevorden|Dalen,,,,Drenthe,Coevorden,Move municipalities into provinces
,Netherlands,Drente,,,,Drenthe,,
,Netherlands,Zeewolde,,,,Flevoland,Zeewolde,
,Netherlands,Andel,,,,North Brabant,Altena,
,Netherlands,Berlicum,,,,North Brabant,Sint-Michielsgestel,
,Netherlands,Eindhoven,,,,North Brabant,Eindhoven,
,Netherlands,Helmond,,,,North Brabant,Helmond,
,Netherlands,Loon op zand,,,,North Brabant,Loop op Zand,
,Netherlands,Milheeze,,,,North Brabant,Milheeze,
,Netherlands,Oisterwijk,,,,North Brabant,Oisterwijk,
,Netherlands,Oss,,,,North Brabant,Oss,
,Netherlands,Tilburg,,,,North Brabant,Tilburg,
,Netherlands,Noord Brabant|NoordBrabant,,,,North Brabant,,
,Netherlands,Blaricum,,,,North Holland,Blaricum,
,Netherlands,Diemen,,,,North Holland,Diemen,
,Netherlands,Haarlem,,,,North Holland,Haarlem,
,Netherlands,Naarden,,,,North Holland,Gooise Meren,
,Netherlands,Noord Holland|NoordHolland,,,,North Holland,,
,Netherlands,Delft,,,,South Holland,Delft,
,Netherlands,Hardinxveld Giessendam,,,,South Holland,Hardinxveld-Giessendam,
,Netherlands,Leiden,,,,South Holland,Leiden,
,Netherlands,Nieuwendijk,,,,South Holland,Nieuwendijk,
,Netherlands,Nootdorp,,,,South Holland,Nootdorp,
,Netherlands,Rotterdam,,,,South Holland,Rotterdam,
,Netherlands,Zuid Holland|ZuidHolland,,,,South Holland,,
,Netherlands,Houten,,,,Utrecht,Houten,
,Norway,MoreogRomsdal,,,,More og Romsdal,,
,Norway,TromsogFinnmark,,,,Troms og Finnmark,,
,Norway,Trondelag,,,,Trøndelag,,
,Norway,Vestlandet,,,,Vestland,,
,Poland,Dolnoslakie|Dolnoslaskie,,,,Dolnośląskie,,Fix typos
,Poland,Pomorze|Pomerania,,,,Pomorskie,,Don't use anglicized names here
,Poland,Malopolska,,,,Malopolskie,,
,Poland,Wielkopolska,,,,Wielkopolskie,,
,Poland,Zielonogorskie,,,,Lubusz,,Zielonogorskie -> Lubusz
,Poland,,Krakow,,,,Kraków,Fix typos
,Poland,,Łódzkie,,,,Lodzkie,
,ÄéRomania|‎Romania,,,,Romania,,,Fix weird encoding issue
,Romania,Bucuresti,,,,Bucharest,,Anglicize
,Russia,Moscow,,,,Moscow Region,,Fix typos
,Russia,Saint-Petersburg|St. Petersburg|St.Petersburg,,,,Saint Petersburg,,
,Sweden,Andalusia,,,Spain,,,Move Andalusia from Sweden to Spain
,Spain,BasqueCountry|Basque_Country,,,,Basque Country,,"Fix typos, unify provinces/locations"
,Spain,Balear_Islands|Balear Islands|Illes Balears,,,,Balearic Islands,,
,Spain,Castilla La Mancha,,,,Castilla-La Mancha,,
,Spain,Castilla y Leon,,,,Castilla y León,,
,Spain,Catalunya,,,,Catalonia,,
,Spain,Comunitat_Valenciana,,,,Comunitat Valenciana,,
,Spain,Canary_Islands,,,,Canary Islands,,
,Spain,,Bonrepos_i_Mirambell,,,,Bonrepos i Mirambell,
,Spain,,Canet_d'En_Berenguer,,,,Canet d'En Berenguer,
,Spain,,El_Puig,,,,El Puig,
,Spain,,Grau_de_Sagunt,,,,Grau de Sagunt,
,Spain,,Palma_de_Gandia,,,,Palma de Gandia,
,Spain,,Tavernes_de_la_Valldigna,,,,Tavernes de la Valldigna,
,Spain,,Valencia_h|Valencia h,,,,Valencia,
,Spain,,Malaga_h|Malaga h,,,,Malaga,
,Spain,LaRioja|La_Rioja,,,,La Rioja,,
,Spain,Barcelona,,,,Catalonia,,"Barcelona -> Catalonia"
,Spain,,Alhaurin_de_la_Torre,,,,Alhaurin de la Torre,"Fix more typos"
,Spain,,Jerez_de_la_Frontera,,,,Jerez de la Frontera,
,Spain,,La_Linea,,,,La Linea,
,Spain,,Mairena_Aljarafe,,,,Mairena Aljarafe,
,Spain,,Puerto_Santa_Maria,,,,Puerto Santa Maria,
,Spain,,Rincon_de_la_Victoria,,,,Rincon de la Victoria,
,Spain,,San_Fernando,,,,San Fernando,
,Spain,,San_Roque,,,,San Roque,
,Spain,,Vitoria_h,,,,Vitoria,
,Spain,,Donostia-San_Sebastian,,,,Donostia-San Sebastian,
,Spain,,Simat_de_la_Valldigna,,,,Simat de la Valldigna,
,Spain,,Torres_de_Elorz,,,,Torres de Elorz,
,Spain,,Velez_Malaga,,,,Velez Malaga,
,Spain,,Rio_San_Pedro,,,,Rio San Pedro,
,Spain,Canary Islands,Las_Palmas|Las Palmas|Las_Palmas_de_Gran_Canaria,,,,Las Palmas de Gran Canaria,
,Spain,,La_Estrada,,,,La Estrada,
,Spain,,Santa_Comba,,,,Santa Comba,
,Spain,,Santiago_de_Compostela,,,,Santiago de Compostela,
,Spain,,LeganA(c)s,,,,Leganés,
,Spain,,Santa_Fe,,,,Santa Fe,
,Spain,,Campo_Real,,,,Campo Real,
,Spain,,Palma_de_Mallorca_h,,,,Palma de Mallorca,"More typos"
,Spain,,Santa_Maria_del_Camino,,,,Santa Maria del Camino,
,Spain,,Son_Servera,,,,Son Servera,
,Spain,,Logrono_h,,,,Logrono,
,Spain,,Barcelona_h|Barcelona h,,,,Barcelona,"More typos"
,Spain,,Badalona_h|Badalona h,,,,Badalona,
,Spain,,Alcala_de_Henares,,,,Alcala de Henares,
,Spain,,Arganda_del_Rey,,,,Arganda del Rey,
,Spain,Donostia-San Sebatian|Donostia-San Sebastian|Donostia-San Sebastián|San Sebatian|Donostia-San Sebastian,,,Spain,Basque Country,San Sebastian,"Move Donostia-San Sebastian into Basque Country"
,Spain,Andalucia,,,,Andalusia,,"Fix typos"
,Spain,Madrid,Alcala deenares,,,,Alcala de Henares
,Spain,Madrid,Arganda,,,,Arganda del Rey
,Sweden,Vasterbotten,,,,Västerbotten,,Fix typos
,Sweden,Gavleborgs lan,,,,Gavleborg,,
,Sweden,Orebro lan,,,,Orebro,,
,Sweden,Jamtland Harjedalen,,,,Jamtland,,
,Sweden,Västra Götaland,,,,Vastra Gotaland,,
,Switzerland,Basel|Basel Stadt,,,,Basel-Stadt,,"Fix typos"
,Switzerland,Basel-Land,,,,Basel-Landschaft,,
,Switzerland,Genève|Geneve,,,,Geneva,,
,Switzerland,Luzern,,,,Lucerne,,
,Switzerland,Argovie,,,,Aargau,,
,Switzerland,Zurich,,,,Zürich,,
,Switzerland,Graubunden,,,,Graubünden,,
,Switzerland,Sankt Gallen|St. Gallen,,,,St Gallen,,
,United Kingdom,,Northamtonshire,,,,Northamptonshire,Fix typos
,England,,,,United Kingdom,England,,Move England into UK
,Canada,MB,,,,Manitoba,,Unabbreviate province names
,Canada,NB,,,,New Brunswick,,
,Canada,NL,,,,Newfoundland and Labrador,,
,Canada,NS,,,,Nova Scotia,,
,Canada,SK,,,,Saskatchewan,,
,Canada,Toronto,,,,Ontario,Toronto,Toronto -> Ontario
,Mexico,CDMX,,,,Mexico City,,Unabbreviate province names
,Mexico,BC,,,,Baja California,,
,Mexico,BCS,,,,Baja California Sur,,
Noth America|North america,,,,North America,,,,Who misspelled north??
,United States,,,,USA,,,Merge with "United States"
USA,,,,North America,USA,,,Merge with USA region
,USA,District of Columbia,,,,Washington DC,,Unify with "District of Columbia"
,USA,Arizona,Maricopa county|Phoenix,,,,Maricopa County,Move Phoenix into Maricopa County
,USA,Califonia,,,,California,,Fix typos
,USA,California,Grand Princess|Grand Princess cruise ship,,,,Grand Princess Cruise Ship,Unify county names
,USA,California,San Diego,,,,San Diego County,
,USA,California,San Francisco,,,,San Francisco County,
,USA,California,Davis,,,,Yolo County,Davis -> Yolo County
,USA,California,Los Angeles|Los Angeles county,,,,Los Angeles County,LA -> LA County
,USA,Los Angeles,,,,California,Los Angeles County,Los Angeles division -> California
,USA,California,Alameda,,,,Alameda County,
,USA,California,Solano,,,,Solano County,
,USA,San Diego,,,,California,San Diego County,Move San Diego division into California
,USA,California,Imperial,,,,Imperial County,Imperial -> Imperial County
,USA,California,Marin county,,,,Marin County,Fix typos
,USA,California,San Diego county,,,,San Diego County,
,USA,California,Santa Clara county,,,,Santa Clara County,
,USA,California,Santa Barbara,,,,Santa Barbara County,
,USA,Grand Princess,,,USA,California,Grand Princess Cruise Ship,Move Grand Princess into California
,USA,Alameda County,,,USA,California,Alameda County,Move counties from USA into California
,USA,Imperial County,,,USA,California,Imperial County,
,USA,Kings County,,,USA,California,Kings County,
,USA,Lake County,,,USA,California,Lake County,
,USA,Los Angeles County,,,USA,California,Los Angeles County,
,USA,Madera County,,,USA,California,Madera County,
,USA,Marin County,,,USA,California,Marin County,
,USA,Merced County,,,USA,California,Merced County,
,USA,Sacramento County,,,USA,California,Sacramento County,
,USA,San Mateo County,,,USA,California,San Mateo County,
,USA,Santa Barbara County,,,USA,California,Santa Barbara County,
,USA,Solano County,,,USA,California,Solano County,
,USA,Tuolumne County,,,USA,California,Tuolumne County,
,USA,Wisconsin,Coloardo Springs,,,Colorado,Colorado Springs,Move Colorado Springs from Wisconsin to Colorado
,USA,Colorado,Colorado Springs,,,,El Paso County,Colorado Springs -> El Paso County
,USA,Colorado,Denver county,,,,Denver County,Fix typos
,USA,CT,,,,Connecticut,,CT --> Connecticut
,USA,Connecticut,Fairfield county|Fairfield|Greenwich|NEWTOWN|Newtown|Bridgeport|New Fairfield|Port Chester|Riverside|Shelton|Stratford|Trumbull,,,,Fairfield County,Move towns to counties
,USA,Connecticut,Bristol|Glastonbury|Manchester,,,,Hartford County,
,USA,Connecticut,Beacon Falls|BRANFORD|Branford|North-Branford|Bethany|Cheshire|East-Haven|East Haven|HAMDEN|Hamden|MADISON|Madison|MERIDEN|Meriden|Milford|NORTHFORD|Northford|New-Haven|New Haven|North-Haven|North Haven|Prospect|SEYMOUR|Seymour|Seymor|WALLINGFORD|Wallingford|Waterbury|WOODBRIDGE|Woodbridge|West-Haven|West Haven,,,,New Haven County,
,USA,Connecticut,Mount-Vernon,,,,Tolland County,
,USA,FLorida,,,,Florida,,Fix typos
,USA,Florida,Miami|Miami-dade county,,,,Miami-Dade County,
,USA,Florida,Palm Beach county,,,,Palm Beach County,
,USA,Illinois,Chicago|Cook county,,,,Cook County,Move Chicago -> Cook County
,USA,Illinois,Dupage county,,,,Dupage County,Fix typos
,USA,Illinois,Kane county,,,,Kane County,
,USA,Illinois,Lake county,,,,Lake County,
,USA,Illinois,Mchenry county|McHenry county,,,,McHenry County,
,USA,Illinois,Winnebago county,,,,Winnebago County,
,USA,Iowa,Jackson county,,,,Jackson County,Fix typos
,USA,LA,,,,Louisiana,,Assume LA is Louisiana and not Los Angeles
,USA,New Jersey,Hudson,,,,Hudson County,Fix typos
,USA,MD,,,,Maryland,,Fix typos
,USA,Massachusetts,Middlesex county,,,,Middlesex County,Fix typos
,USA,Massachusetts,Norfolk county,,,,Norfolk County,
,USA,Minnesota,Stearns county,,,,Stearns County,Fix typos
,USA,Minnesota,Houston county,,,,Houston County,
,USA,Missouri,Saint Louis county|St. Louis,,,,Saint Louis County,
,USA,Misssouri,,,,Missouri,,Fix typos
,USA,New Jersey,Bergen county,,,,Bergen County,Fix typos
,USA,New Jersey,Essex county,,,,Essex County,
,USA,NY,,,,New York,,"Assume NY is NY State"
,USA,New York City,,,,New York,New York City,"Move NYC division into NY State division"
,USA,New York County,,,,New York,New York City,
,USA,New York,New York,,,,-1,Remove redundant "New York"
,USA,New York,Bronx|Brooklyn|Manhattan|Queens|Staten Island|New York county,,,,New York City,
,USA,New York,Nassau|Nassau county,,,,Nassau County,Merge NYC boroughs into one NYC
,USA,New York,Rockland,,,,Rockland County,Unify county names
,USA,New York,Suffolk|Suffolk county,,,,Suffolk County,
,USA,New York,Westchester,,,,Westchester County,
,USA,New York,,,,,-1,Remove empty location
,USA,Nassau County,,,,New York,Nassau County,Move Nassau County into NY
,USA,,Yorktown Heights,,,New York,Westchester County,Move Yorktown Heights from CT into NY
,USA,New York,New Rochelle,,,,Westchester County,"Move towns into counties, fix typos"
,USA,New York,Onondaga county,,,,Onondaga County,
,USA,New York,Rockland county,,,,Rockland County,
,USA,New York,Westchester county,,,,Westchester County,
,USA,New York,Putnam county,,,,Putnam County,
,USA,Pennsylvania,Montgomery county,,,,Montgomery County,Fix typos
,USA,Pennsylvania,Pittsburgh|Allegheny county|Alleghany County,,,,Allegheny County,Pittsburgh -> Alleghany County
,USA,South Carolina,Richland,,,,Richland County,Fix typos
,USA,South Carolina,Fairfield,,,,Fairfield County,
,USA,South Carolina,Berkeley,,,,Berkeley County,
,USA,Texas,Cameron,,,,Cameron County,
,USA,Texas,El Paso,,,,El Paso County,
,USA,Texas,Harris,,,,Harris County,
,USA,Texas,Hidalgo,,,,Hidalgo County,
,USA,Texas,Houston,,,,Houston County,
,USA,VT,,,,Vermont,,VT -> Vermont
,USA,Washington,Unknown,,,,-1,Unknown -> -1
,USA,Washington,Kirkland|Seattle,,,,King County,Move towns into counties
,USA,Washington,Tacoma,,,,Pierce County,
,USA,Washington,Unknown County,,,,-1,Remove unknown county
,USA,Wisconsin,Campbellsp,,,,Campbellsport,
,USA,Wisconsin,Jackson,,,,Jackson County,Unify county names
,USA,Wisconsin,Bayside,,,,Milwaukee County,
,USA,Wisconsin,Belleville,,,,Dane County,"Move towns into counties. If a town straddles a county line, move into the one its in more, population-wise"
,USA,Wisconsin,Beloit,,,,Rock County,
,USA,Wisconsin,Blanchardville,,,,Lafayette County,
,USA,Wisconsin,Brookfield,,,,Waukesha County,
,USA,Wisconsin,Brooklyn,,,,Dane County,
,USA,Wisconsin,Brown Deer,,,,Milwaukee County,
,USA,Wisconsin,Cambridge,,,,Dane County,
,USA,Wisconsin,Campbellsport,,,,Fond du Lac County,
,USA,Wisconsin,Chippewa Falls,,,,Chippewa County,
,USA,Wisconsin,Columbus,,,,Columbia County,
,USA,Wisconsin,Cottage Grove,,,,Dane County,
,USA,Wisconsin,Cross Plains,,,,Dane County,
,USA,Wisconsin,Cudahy,,,,Milwaukee County,
,USA,Wisconsin,DeForest,,,,Dane County,
,USA,Wisconsin,Elm Grove,,,,Waukesha County,
,USA,Wisconsin,Fitchburg,,,,Dane County,
,USA,Wisconsin,Fitchburg,,,,Dane County,
,USA,Wisconsin,Franklin,,,,Milwaukee County,Assume this Franklin is in milwaukee
,USA,Wisconsin,Glendale,,,,Milwaukee County,Just dump this all in Milwaukee
,USA,Wisconsin,Grafton,,,,Ozaukee County,
,USA,Wisconsin,Greater Milwaukee Area,,,,Milwaukee County,
,USA,Wisconsin,Greenfield,,,,Milwaukee County,
,USA,Wisconsin,Hartford,,,,Washington County,
,USA,Wisconsin,Hillpoint,,,,Sauk County,
,USA,Wisconsin,Holy Cross,,,,Ozaukee County,
,USA,Wisconsin,Janesville,,,,Rock County,
,USA,Wisconsin,Madison,,,,Dane County,
,USA,Wisconsin,Marshall,,,,Dane County,
,USA,Wisconsin,Mequon,,,,Ozaukee County,
,USA,Wisconsin,Middleton,,,,Dane County,
,USA,Wisconsin,Milwaukee,,,,Milwaukee County,
,USA,Wisconsin,Monona,,,,Dane County,
,USA,Wisconsin,Mount Horeb,,,,Dane County,
,USA,Wisconsin,Muscoda,,,,Grant County,
,USA,Wisconsin,New Berlin,,,,Waukesha County,
,USA,Wisconsin,Oak Creek,,,,Milwaukee County,
,USA,Wisconsin,Oregon,,,,Dane County,
,USA,Wisconsin,Pewaukee,,,,Waukesha County,
,USA,Wisconsin,Port Washi,,,,Ozaukee County,
,USA,Wisconsin,Racine,,,,Racine County,
,USA,Wisconsin,Richland Center,,,,Richland County,
,USA,Wisconsin,River Hills,,,,Milwaukee County,
,USA,Wisconsin,Saukville,,,,Ozaukee County,
,USA,Wisconsin,Slinger,,,,Washington County,
,USA,Wisconsin,South Milwaukee,,,,Milwaukee County,
,USA,Wisconsin,Spring Green,,,,Sauk County,
,USA,Wisconsin,Stoughton,,,,Dane County,
,USA,Wisconsin,Sun Prarie,,,,Dane County,
,USA,Wisconsin,Thiensvill,,,,Ozaukee County,
,USA,Wisconsin,Tomah,,,,Monroe County,
,USA,Wisconsin,Verona,,,,Dane County,
,USA,Wisconsin,Waunakee,,,,Dane County,
,USA,Wisconsin,Wauwatosa,,,,Milwaukee County,
,USA,Wisconsin,Whitefish,,,,Milwaukee County,
,USA,Wisconsin,Ozaukee county,,,,Ozaukee County,Fix typos
,USA,Wisconsin,Rock county,,,,Rock County,
,USA,Wisconsin,Lafayette county,,,,Lafayette County,
,USA,Wisconsin,Columbia county,,,,Columbia County,
,USA,Wisconsin,Fond du Lac county|Fond du lac County,,,,Fond du Lac County,
,USA,Wisconsin,Jefferson county,,,,Jefferson County,
,USA,Wisconsin,Milwaukee county,,,,Milwaukee County,
,USA,Wisconsin,Washington county,,,,Washington County,
,USA,Wisconsin,Waukesha county,,,,Waukesha County,
,USA,Wisconsin,Brown county,,,,Brown County,
,USA,Wisconsin,Dane county,,,,Dane County,
,USA,Wisconsin,Dodge county,,,,Dodge County,
,USA,Wisconsin,Door county,,,,Door County,
,USA,Wisconsin,Jackson county,,,,Jackson County,
,USA,Wisconsin,Manitowoc county,,,,Manitowoc County,
,USA,Wisconsin,Outagamie county,,,,Outagamie County,
,USA,Wisconsin,Sauk county,,,,Sauk County,
,USA,Wisconsin,Sheboygan county,,,,Sheboygan County,
,USA,Wisconsin,Trempealeau county,,,,Trempealeau County,
,USA,Wisconsin,Vernon county,,,,Vernon County,
,USA,Wisconsin,Waupaca county,,,,Waupaca County,
,USA,Wisconsin,Winnebago county,,,,Winnebago County,
,USA,Wisconsin,Eau claire County,,,,Eau Claire County,
,USA,Wisconsin,Iowa county,,,,Iowa County,
,Reunion,,,Oceania,,,,Move to oceania
,Australia,NSW,,,,New South Wales,,"Fix typos, unabbreviate province names"
,Australia,Northern territory,,,,Northern Territory,,
,New Zealand,Combined Wellington,,,,Wellington,,Fix typos
,New Zealand,Counties Manukau,,,,Auckland,,
,Argentina,Ciudad Autonoma de Buenos Aires,,,,Buenos Aires,,Fix typos
,Brazil,Minas gerais,,,,Minas Gerais,,Fix typos
,Brazil,São Paulo,,,,Sao Paulo,,
,Brazil,,Sao Paulo,,,,-1,Remove redundant Sao Paolo location
,Brazil,,DUQUE DE CAXIAS,,,,Duque de Caxias,Fix more typos
,Brazil,,NITEROI,,,,Niteroi,
,Brazil,,NOVA IGUACU,,,,Nova Iguacu,
,Brazil,,PETROPOLIS,,,,Petropolis,
,Brazil,,QUEIMADOS,,,,Queimados,
,Brazil,,RIO DE JANEIRO,,,,Rio de Janeiro,
,Brazil,Amazonas,,,,Amazonas State,,
,Brazil,Ceara,,,,Ceará,,
,Brazil,Goiais,,,,Goiás,,
,Brazil,Maranhao,,,,Maranhão,,
,Brazil,Parana,,,,Paraná,,
,Colombia,Norte de santander,,,,Norte de Santander,,Fix more typos
,Colombia,,Cúcuta,,,,Cucuta,
,Colombia,,El cerrito,,,,El Cerrito,
,Colombia,Armenia,,,,Quindio,Armenia,"Clean up, move cities to departments"
,Colombia,Barrancabermeja,,,,Santander,Barrancabermeja,
,Colombia,Barranquilla,,,,Atlantico,Barranquilla,
,Colombia,Bello,,,,Antioquia,Bello,
,Colombia,Bucaramanga,,,,Santander,Bucaramanga,
,Colombia,Cali,,,,Valle del Cauca,Cali,
,Colombia,Cartagena,,,,Bolivar,Cartagena,
,Colombia,Cartago,,,,Valle del Cauca,Cartago,
,Colombia,Cienaga,,,,Magdalena,Cienaga,
,Colombia,Cucuta,,,,Norte de Santander,Cucuta,
,Colombia,Ibague,,,,Tolima,Ibague,
,Colombia,Leticia,,,,Amazonas,Leticia,
,Colombia,Manizales,,,,Caldas,Manizales,
,Colombia,Medellin,,,,Antioquia,Medellin,
,Colombia,Palmira,,,,Valle del Cauca,Palmira,
,Colombia,Pereira,,,,Risaralda,Pereira,
,Colombia,Popayan,,,,Cauca,Popayan,
,Colombia,Santa Marta,,,,Magdalena,Santa Marta,
,Colombia,Tumaco,,,,Narino,Tumaco,
,Colombia,Villavicencio,,,,Meta,Villavicencio,
Central America,,,,North America,,,,Move to North America
